#{"t_start": 1618262887.9254274, "env_id": null}
r,l,t
-0.904762,5,1.439215
-0.738095,12,2.173221
-0.904762,5,2.482499
-0.857143,7,2.904373
-0.880952,6,3.282764
-0.761905,11,3.929121
-0.928571,4,4.18646
-0.880952,6,4.554482
-0.809524,9,5.077218
-0.904762,5,5.400353
-0.761905,11,6.033659
-0.928571,4,6.277008
1.119048,6,6.631063
-0.857143,7,7.080859
-0.857143,7,7.555624
-0.904762,5,7.875762
-0.880952,6,8.25472
-0.904762,5,8.553948
-0.880952,6,8.917578
-0.833333,8,9.384336
-0.857143,7,9.795493
-0.809524,9,10.321087
-0.880952,6,10.675142
-0.809524,9,11.19176
1.071429,4,11.396223
-0.880952,6,11.751262
-0.880952,6,12.106314
-0.857143,7,12.508269
-0.857143,7,12.92116
-0.880952,6,13.279179
-0.928571,4,13.535522
-0.785714,10,14.088044
-0.928571,4,14.332362
-0.809524,9,14.856959
-0.880952,6,15.227995
-0.833333,8,15.703721
-0.928571,4,15.948042
-0.904762,5,16.245247
-0.880952,6,16.597335
-0.904762,5,16.892514
-0.833333,8,17.374085
-0.928571,4,17.61745
-0.857143,7,18.054281
-0.833333,8,18.516575
-0.880952,6,18.882626
-0.833333,8,19.352763
-0.904762,5,19.64997
-0.904762,5,19.963111
-0.904762,5,20.253566
-0.880952,6,20.608589
-0.857143,7,21.048413
-0.857143,7,21.466709
-0.809524,9,22.020247
-0.785714,10,22.632591
1.071429,4,22.842062
-0.928571,4,23.073446
-0.904762,5,23.371615
-0.880952,6,23.740628
-0.833333,8,24.217354
-0.833333,8,24.668019
-0.928571,4,24.912368
-0.928571,4,25.15372
-0.761905,11,25.787427
1.095238,5,26.048728
-0.904762,5,26.338956
-0.761905,11,27.05501
-0.928571,4,27.328279
-0.904762,5,27.6564
-0.857143,7,28.113179
-0.809524,9,28.631793
-0.928571,4,28.869157
-0.809524,9,29.439631
-0.857143,7,29.853549
-0.809524,9,30.37912
-0.880952,6,30.751152
-0.857143,7,31.154047
-0.857143,7,31.58692
-0.904762,5,31.879108
-0.928571,4,32.130436
-0.904762,5,32.43163
-0.761905,11,33.082889
-0.904762,5,33.382132
-0.880952,6,33.741143
-0.880952,6,34.0972
-0.880952,6,34.454319
-0.880952,6,34.811914
-0.904762,5,35.11709
-0.904762,5,35.422302
-0.880952,6,35.793864
-0.880952,6,36.167379
-0.809524,9,36.701383
-0.904762,5,37.006564
-0.809524,9,37.540973
-0.880952,6,37.898461
-0.880952,6,38.252516
-0.833333,8,38.725756
-0.880952,6,39.100772
-0.904762,5,39.400693
-0.928571,4,39.651025
-0.880952,6,40.006103
1.071429,4,40.201571
-0.880952,6,40.549727
-0.928571,4,40.79414
-0.857143,7,41.212335
-0.880952,6,41.57041
-0.880952,6,41.964325
-0.833333,8,42.477948
-0.857143,7,42.886427
-0.809524,9,43.421509
-0.880952,6,43.805482
-0.809524,9,44.320108
-0.785714,10,44.90554
-0.833333,8,45.380273
1.071429,4,45.592736
-0.928571,4,45.847024
-0.857143,7,46.272885
-0.880952,6,46.635913
-0.880952,6,46.986009
-0.809524,9,47.502622
-0.809524,9,48.015255
1.071429,4,48.221675
-0.904762,5,48.529205
1.071429,4,48.74261
-0.904762,5,49.047215
-0.928571,4,49.284581
-0.880952,6,49.656614
-0.857143,7,50.064495
-0.809524,9,50.573174
-0.809524,9,51.097731
-0.928571,4,51.335122
-0.857143,7,51.774949
-0.857143,7,52.195796
-0.880952,6,52.58578
-0.857143,7,53.051509
-0.880952,6,53.416564
-0.761905,11,54.074803
-0.857143,7,54.52558
-0.833333,8,54.977359
-0.928571,4,55.223698
-0.880952,6,55.604679
-0.928571,4,55.866011
-0.833333,8,56.356668
-0.928571,4,56.591043
-0.833333,8,57.05084
-0.880952,6,57.414839
-0.928571,4,57.693128
-0.857143,7,58.101004
-0.761905,11,58.72805
-0.880952,6,59.085124
-0.928571,4,59.327715
1.071429,4,59.541145
-0.880952,6,59.898226
-0.833333,8,60.356992
-0.714286,13,61.085522
-0.857143,7,61.534302
-0.904762,5,61.82749
-0.928571,4,62.077821
-0.833333,8,62.538621
-0.833333,8,62.99739
-0.857143,7,63.39921
-0.857143,7,63.819116
-0.928571,4,64.066459
1.214286,10,64.584041
-0.928571,4,64.84235
-0.880952,6,65.204382
-0.880952,6,65.560086
-0.833333,8,66.031849
-0.857143,7,66.432782
1.071429,4,66.616261
-0.857143,7,67.031186
-0.785714,10,67.619612
-0.833333,8,68.087361
1.071429,4,68.283835
-0.928571,4,68.524225
1.071429,4,68.713686
-0.880952,6,69.073753
-0.857143,7,69.479672
-0.904762,5,69.783824
-0.880952,6,70.147851
-0.880952,6,70.514869
-0.928571,4,70.746282
-0.928571,4,70.987635
1.214286,10,71.514233
-0.785714,10,72.083676
1.071429,4,72.289148
-0.928571,4,72.524814
-0.738095,12,73.185812
-0.833333,8,73.640602
-0.833333,8,74.097379
-0.857143,7,74.498273
-0.928571,4,74.726664
-0.904762,5,75.02686
-0.857143,7,75.436763
-0.809524,9,75.956374
-0.928571,4,76.199754
1.071429,4,76.401185
-0.833333,8,76.846027
-0.928571,4,77.112315
-0.857143,7,77.54821
-0.857143,7,77.978065
-0.904762,5,78.326131
-0.857143,7,78.784903
-0.809524,9,79.352386
-0.809524,9,79.887954
-0.857143,7,80.327778
-0.928571,4,80.611032
-0.880952,6,80.971272
-0.880952,6,81.331281
-0.904762,5,81.648433
-0.880952,6,82.016454
-0.880952,6,82.373524
-0.833333,8,82.837596
-0.928571,4,83.080141
-0.880952,6,83.450153
-0.857143,7,83.875015
-0.857143,7,84.296914
-0.928571,4,84.544228
-0.904762,5,84.845421
-0.880952,6,85.19748
-0.833333,8,85.663486
-0.904762,5,85.965712
-0.880952,6,86.341674
-0.880952,6,86.701873
-0.880952,6,87.06963
-0.833333,8,87.543366
-0.904762,5,87.843993
-0.880952,6,88.211044
-0.880952,6,88.571048
-0.785714,10,89.157759
-0.809524,9,89.716235
-0.857143,7,90.151075
-0.880952,6,90.53907
-0.880952,6,90.909046
-0.857143,7,91.321126
-0.928571,4,91.564056
-0.880952,6,91.917392
-0.833333,8,92.379187
-0.809524,9,92.979552
-0.904762,5,93.286731
-0.833333,8,93.738169
-0.833333,8,94.194289
-0.857143,7,94.595258
-0.880952,6,94.94032
-0.880952,6,95.307754
-0.833333,8,95.766527
-0.904762,5,96.073706
-0.928571,4,96.308479
-0.857143,7,96.725634
-0.880952,6,97.069282
-0.833333,8,97.529677
-0.880952,6,97.895698
-0.880952,6,98.248781
-0.880952,6,98.593831
-0.785714,10,99.172312
-0.833333,8,99.634051
-0.880952,6,99.991783
-0.880952,6,100.344659
-0.928571,4,100.586012
-0.880952,6,100.928075
-0.833333,8,101.400803
-0.857143,7,101.808726
-0.928571,4,102.052061
-0.857143,7,102.457009
-0.880952,6,102.788124
-0.833333,8,103.246898
-0.928571,4,103.48822
-0.809524,9,103.999852
-0.833333,8,104.457628
-0.809524,9,104.955407
-0.880952,6,105.31647
-0.761905,11,105.938777
-0.880952,6,106.299813
1.071429,4,106.495321
-0.928571,4,106.732654
1.071429,4,106.932121
-0.785714,10,107.540576
-0.880952,6,107.916601
-0.880952,6,108.278605
-0.928571,4,108.514007
-0.880952,6,108.856084
1.190476,9,109.335778
-0.880952,6,109.696837
-0.904762,5,109.998005
-0.809524,9,110.532604
-0.880952,6,110.885149
-0.880952,6,111.233248
1.095238,5,111.489559
-0.928571,4,111.736903
-0.904762,5,112.041091
-0.809524,9,112.554713
-0.833333,8,113.016132
-0.904762,5,113.347217
1.190476,9,113.862838
-0.833333,8,114.328625
-0.833333,8,114.773406
-0.833333,8,115.244146
-0.833333,8,115.725857
-0.928571,4,115.980175
-0.904762,5,116.275387
-0.880952,6,116.637448
-0.904762,5,116.95856
-0.833333,8,117.417332
-0.880952,6,117.774379
-0.857143,7,118.19326
-0.857143,7,118.589199
-0.928571,4,118.821578
-0.857143,7,119.221537
-0.809524,9,119.753087
-0.880952,6,120.0972
-0.809524,9,120.60082
-9.690476,14,121.360789
-0.833333,8,121.949214
-0.928571,4,122.226474
-0.833333,8,122.68854
-0.809524,9,123.342761
-0.880952,6,123.701601
-0.857143,7,124.112393
-0.880952,6,124.461489
1.190476,9,124.941191
-0.857143,7,125.349086
-0.880952,6,125.706131
-0.809524,9,126.218786
-0.904762,5,126.514003
-0.880952,6,126.852067
-0.833333,8,127.331156
-0.928571,4,127.566322
-0.904762,5,127.862532
-0.904762,5,128.162452
-0.904762,5,128.454645
-0.880952,6,128.799755
-0.928571,4,129.055071
-0.833333,8,129.524783
-0.928571,4,129.765139
-0.928571,4,130.018462
-0.880952,6,130.395454
-0.928571,4,130.654762
-0.928571,4,130.923072
-0.904762,5,131.23424
-0.904762,5,131.549397
-0.833333,8,132.067981
-0.904762,5,132.413074
-0.833333,8,133.034399
-0.857143,7,133.513117
1.071429,4,133.711586
-0.880952,6,134.078865
-0.785714,10,134.676539
-0.904762,5,134.985682
-0.857143,7,135.422514
-0.833333,8,135.911209
-0.738095,12,136.606348
-0.857143,7,137.028253
-0.880952,6,137.417179
-0.928571,4,137.661526
-0.857143,7,138.085394
-0.928571,4,138.328742
-0.857143,7,138.739678
-0.857143,7,139.139131
-0.928571,4,139.387489
-0.880952,6,139.760828
-0.857143,7,140.178741
-0.833333,8,140.630503
-0.880952,6,140.989544
-0.928571,4,141.266829
-0.880952,6,141.627836
-0.880952,6,142.009041
-0.857143,7,142.444868
-0.880952,6,142.799937
-0.809524,9,143.326503
-0.833333,8,143.808226
-0.857143,7,144.220145
-0.785714,10,144.821106
-0.880952,6,145.191116
-0.880952,6,145.559169
-0.833333,8,146.041855
-0.904762,5,146.336084
-0.833333,8,146.789841
-0.904762,5,147.094028
-0.928571,4,147.340369
-0.857143,7,147.761245
-0.928571,4,148.03754
-0.833333,8,148.520214
-0.880952,6,148.878284
-0.928571,4,149.127619
-0.880952,6,149.496603
-0.928571,4,149.745964
-0.857143,7,150.162822
-0.880952,6,150.522893
-0.928571,4,150.777205
-0.833333,8,151.265447
-0.880952,6,151.644409
-0.809524,9,152.242835
-0.880952,6,152.622821
-0.880952,6,152.988814
-0.928571,4,153.261106
1.166667,8,153.701934
-0.857143,7,154.117824
-0.809524,9,154.668321
-0.904762,5,154.974981
1.214286,10,155.520509
-0.880952,6,155.875561
-0.809524,9,156.393204
-0.928571,4,156.62356
1.071429,4,156.826019
-0.857143,7,157.231933
-0.809524,9,157.774483
-0.833333,8,158.240255
-0.880952,6,158.577335
-0.785714,10,159.163796
-0.928571,4,159.407117
1.190476,9,159.891852
-0.833333,8,160.347601
-0.880952,6,160.712854
-0.928571,4,160.964208
-0.880952,6,161.311282
-0.785714,10,161.884747
-0.904762,5,162.194228
1.071429,4,162.393696
-0.833333,8,162.844316
-0.904762,5,163.147505
-0.761905,11,163.794808
-0.857143,7,164.196722
1.214286,10,164.718994
-0.785714,10,165.28698
-0.928571,4,165.526342
-0.880952,6,165.894356
-0.880952,6,166.251722
-0.857143,7,166.705538
-0.880952,6,167.050613
-0.904762,5,167.348788
-0.833333,8,167.815539
-0.928571,4,168.055928
-0.928571,4,168.297281
-0.928571,4,168.535647
-0.785714,10,169.116063
-0.857143,7,169.537812
-0.833333,8,170.012542
-0.928571,4,170.256893
-0.857143,7,170.657817
-0.833333,8,171.112628
-0.880952,6,171.487598
1.071429,4,171.700386
-0.833333,8,172.220589
-0.809524,9,172.790067
1.238095,11,173.410414
-0.880952,6,173.792388
-0.880952,6,174.238295
-0.880952,6,174.619664
-9.690476,14,175.403542
-0.857143,7,175.840659
-0.880952,6,176.208701
-0.880952,6,176.58919
-0.904762,5,176.897382
-0.928571,4,177.147696
-0.880952,6,177.571277
-0.833333,8,178.056888
-0.833333,8,178.591338
-0.857143,7,179.04313
-0.785714,10,179.665468
-0.857143,7,180.109852
-0.761905,11,180.802871
-0.833333,8,181.312476
-0.880952,6,181.775899
-0.928571,4,182.043871
-0.880952,6,182.427353
-0.809524,9,183.015779
-0.928571,4,183.291049
-0.809524,9,183.847556
-0.785714,10,184.479335
-0.928571,4,184.733715
-0.904762,5,185.067804
-0.880952,6,185.445794
1.238095,11,186.137941
-0.904762,5,186.458087
-0.928571,4,186.750304
-0.928571,4,187.022577
-0.857143,7,187.464759
-0.761905,11,188.21647
-0.904762,5,188.537637
-0.809524,9,189.129631
-0.857143,7,189.637168
-0.833333,8,190.21961
-0.809524,9,190.831074
-0.880952,6,191.256971
1.214286,10,191.950116
-0.857143,7,192.43993
1.214286,10,193.014391
1.071429,4,193.263726
-0.880952,6,193.671145
-0.857143,7,194.148913
-0.928571,4,194.424135
-0.833333,8,194.95976
-0.928571,4,195.221087
-0.928571,4,195.491354
-0.809524,9,196.075881
-0.857143,7,196.521725
-0.809524,9,197.081226
-0.880952,6,197.459702
-0.833333,8,197.990172
-0.833333,8,198.568625
-0.809524,9,199.279724
-0.809524,9,199.954942
-0.880952,6,200.332931
-0.714286,13,201.142542
-0.833333,8,201.635266
-0.857143,7,202.081102
-0.880952,6,202.46309
-0.928571,4,202.743511
-0.928571,4,203.003072
-0.928571,4,203.260919
-0.857143,7,203.711713
-0.928571,4,203.975186
-0.928571,4,204.228646
-0.857143,7,204.660469
-0.785714,10,205.265317
-0.833333,8,205.753041
-0.833333,8,206.251694
1.285714,13,206.952631
-0.880952,6,207.379516
-0.880952,6,207.739527
-0.880952,6,208.121023
-0.904762,5,208.440181
-0.833333,8,208.913004
-0.833333,8,209.416116
-9.738095,12,210.107388
-0.880952,6,210.479152
-0.809524,9,211.120409
-0.857143,7,211.655982
-0.857143,7,212.113754
-0.833333,8,212.642613
-0.833333,8,213.147364
-0.928571,4,213.435594
-0.738095,12,214.313167
-0.904762,5,214.631709
-0.928571,4,214.899092
-0.928571,4,215.193305
1.071429,4,215.519432
-0.880952,6,215.926957
1.071429,4,216.155723
-9.833333,8,216.709331
-0.809524,9,217.377087
1.261905,12,218.048335
-0.880952,6,218.443812
-0.904762,5,218.811798
-0.880952,6,219.269575
-0.809524,9,219.976549
-0.928571,4,220.233827
-0.880952,6,220.619797
1.166667,8,221.076134
-0.928571,4,221.356548
-0.904762,5,221.722099
1.166667,8,222.236722
-0.857143,7,222.705929
-0.857143,7,223.210472
1.071429,4,223.430909
-0.785714,10,224.041283
-0.833333,8,224.531868
-0.857143,7,224.952282
-0.785714,10,225.549197
-0.761905,11,226.2114
1.071429,4,226.427795
-0.880952,6,226.843683
-0.857143,7,227.290994
1.166667,8,227.744353
-0.833333,8,228.228092
-0.904762,5,228.546269
-0.833333,8,229.036705
-0.809524,9,229.724648
-0.928571,4,229.991949
-0.833333,8,230.574469
-0.880952,6,230.957011
-0.880952,6,231.328982
-0.833333,8,231.824688
-0.928571,4,232.091455
-0.761905,11,232.780989
-0.880952,6,233.149005
-0.928571,4,233.416321
-0.880952,6,233.817973
-0.880952,6,234.218454
-0.880952,6,234.5805
-0.785714,10,235.218915
-0.928571,4,235.479979
-0.928571,4,235.756168
-0.904762,5,236.084322
-0.761905,11,236.776829
-0.880952,6,237.203064
-0.857143,7,237.661838
-0.928571,4,237.937691
-0.928571,4,238.222445
-0.880952,6,238.606
-0.857143,7,239.124113
1.071429,4,239.374444
-0.928571,4,239.663179
-0.809524,9,240.2561
-0.880952,6,240.666999
-0.880952,6,241.080893
-0.833333,8,241.591722
-0.904762,5,241.900562
1.071429,4,242.112993
1.214286,10,242.680991
-0.785714,10,243.349381
-0.904762,5,243.719418
-0.928571,4,243.982705
-0.857143,7,244.418115
-0.857143,7,244.863925
-0.928571,4,245.114949
-0.857143,7,245.554642
-0.880952,6,245.933628
-0.833333,8,246.43327
-0.880952,6,246.861351
1.071429,4,247.067798
-0.833333,8,247.56245
-0.833333,8,248.060701
-0.880952,6,248.434601
1.190476,9,248.939251
-0.928571,4,249.200552
-0.904762,5,249.515374
-0.928571,4,249.77964
-0.833333,8,250.268887
-0.928571,4,250.544183
-0.928571,4,250.800466
1.071429,4,251.017945
-0.928571,4,251.300968
-0.928571,4,251.614132
-0.928571,4,251.944247
-0.928571,4,252.218084
1.071429,4,252.431116
-0.880952,6,252.814155
-0.928571,4,253.069476
-0.928571,4,253.330749
-0.857143,7,253.779058
-0.857143,7,254.21421
-0.928571,4,254.475029
-0.880952,6,254.903849
-0.904762,5,255.213022
-0.880952,6,255.601318
-0.928571,4,255.860595
-0.904762,5,256.176848
-0.880952,6,256.554829
-0.880952,6,256.944787
-0.880952,6,257.343317
-0.857143,7,257.794521
-0.904762,5,258.108965
-0.833333,8,258.602158
-0.904762,5,258.922305
-0.904762,5,259.249966
-0.880952,6,259.641224
1.261905,12,260.331404
-0.928571,4,260.590735
-0.928571,4,260.907379
-0.833333,8,261.409612
-0.809524,9,261.998018
-0.880952,6,262.412382
-0.904762,5,262.7486
-0.880952,6,263.137588
-0.880952,6,263.538515
-0.880952,6,263.960948
-0.809524,9,264.597784
-0.857143,7,265.247069
-0.833333,8,265.826032
1.095238,5,266.161986
-0.880952,6,266.564935
-0.904762,5,266.886048
-0.857143,7,267.335948
-0.928571,4,267.590874
-0.904762,5,267.927881
-0.880952,6,268.310857
-0.880952,6,268.688355
-0.809524,9,269.278347
-0.904762,5,269.597538
-0.880952,6,269.977495
-0.857143,7,270.512581
-0.904762,5,270.849757
-0.904762,5,271.184851
-0.880952,6,271.578798
-0.880952,6,271.952869
-0.904762,5,272.281914
-0.857143,7,272.719309
-0.904762,5,273.035435
-0.880952,6,273.45892
-0.857143,7,273.904751
-0.880952,6,274.275786
-0.904762,5,274.590916
-0.714286,13,275.375297
-0.809524,9,275.922317
-0.904762,5,276.243457
-0.833333,8,276.723803
-0.833333,8,277.213219
-0.809524,9,277.76876
-0.857143,7,278.200616
-0.928571,4,278.458868
-0.904762,5,278.772374
-0.880952,6,279.140584
-0.928571,4,279.414822
-0.833333,8,279.916416
-0.880952,6,280.299394
-0.880952,6,280.678875
-0.857143,7,281.114635
-0.880952,6,281.499577
-0.880952,6,281.87359
-0.880952,6,282.24762
-0.809524,9,282.79305
-0.857143,7,283.226882
-0.904762,5,283.542041
-0.833333,8,284.036455
-0.857143,7,284.493233
-0.880952,6,284.876236
-0.833333,8,285.360513
-0.833333,8,285.849124
-0.880952,6,286.225106
-0.880952,6,286.598092
-0.928571,4,286.854409
-0.928571,4,287.114705
-0.880952,6,287.484207
-0.833333,8,287.976892
-0.809524,9,288.532671
-0.809524,9,289.077725
1.214286,10,289.645212
-0.833333,8,290.141795
-0.904762,5,290.470931
-0.880952,6,290.854908
-0.809524,9,291.40694
-0.928571,4,291.671988
-0.857143,7,292.1237
-0.928571,4,292.383012
-0.857143,7,292.823828
-0.833333,8,293.300545
-0.928571,4,293.562843
-0.880952,6,293.965766
-0.904762,5,294.306362
-0.809524,9,294.851325
-0.880952,6,295.221337
-0.809524,9,295.790395
-0.928571,4,296.060737
-0.880952,6,296.440474
-0.928571,4,296.69039
-0.857143,7,297.125259
-0.833333,8,297.598987
-0.880952,6,297.985934
-0.880952,6,298.356942
-0.880952,6,298.733959
1.071429,4,298.949358
-0.833333,8,299.428575
-0.928571,4,299.687885
-0.904762,5,300.004038
-0.904762,5,300.314236
-0.809524,9,300.85979
-0.928571,4,301.183151
-0.880952,6,301.575136
-0.833333,8,302.092247
-0.857143,7,302.558715
-0.880952,6,302.928719
-0.857143,7,303.359079
-0.880952,6,303.733106
-0.857143,7,304.166063
-0.928571,4,304.419391
-0.928571,4,304.711608
-0.857143,7,305.145447
-0.857143,7,305.57194
-0.857143,7,306.014809
-0.880952,6,306.406346
-0.880952,6,306.778376
-0.880952,6,307.150395
-0.928571,4,307.414291
-0.857143,7,307.849114
-0.833333,8,308.358784
-0.928571,4,308.629028
-0.880952,6,308.997702
-0.928571,4,309.302606
-0.857143,7,309.79202
-0.880952,6,310.198932
-0.880952,6,310.582652
-0.857143,7,311.011567
-0.904762,5,311.336671
-0.857143,7,311.77051
-0.809524,9,312.312596
1.190476,9,312.82318
-0.880952,6,313.185213
-0.833333,8,313.684885
1.095238,5,313.948183
-0.857143,7,314.369057
-0.904762,5,314.680238
-0.833333,8,315.179699
-0.904762,5,315.492111
-0.833333,8,315.982825
-0.880952,6,316.34739
-0.928571,4,316.599777
-0.928571,4,316.911936
-0.833333,8,317.415237
-0.880952,6,317.79824
-0.857143,7,318.24353
-0.880952,6,318.6375
-0.809524,9,319.189024
-0.880952,6,319.577102
-0.714286,13,320.345531
-0.809524,9,320.888053
-0.857143,7,321.322059
-0.880952,6,321.712999
-0.857143,7,322.144434
-0.904762,5,322.462584
-0.928571,4,322.726883
-0.761905,11,323.386753
-0.833333,8,323.886417
-0.928571,4,324.152706
-0.857143,7,324.571212
-0.880952,6,324.945794
-0.880952,6,325.310303
-0.857143,7,325.77107
-0.809524,9,326.330016
-0.785714,10,326.943189
-0.809524,9,327.525601
-0.928571,4,327.779514
-0.809524,9,328.345561
-0.904762,5,328.649011
-0.904762,5,328.975111
-0.928571,4,329.242396
-0.833333,8,329.738713
-0.880952,6,330.113575
-0.833333,8,330.598299
-0.833333,8,331.080558
-0.880952,6,331.466115
-0.857143,7,331.905968
-0.857143,7,332.325842
-0.928571,4,332.587666
-0.928571,4,332.842645
-0.857143,7,333.279466
-0.761905,11,333.970401
1.071429,4,334.208777
-0.928571,4,334.472059
-0.904762,5,334.780983
-0.928571,4,335.037818
-0.928571,4,335.292268
-0.880952,6,335.666274
-0.880952,6,336.045227
-0.833333,8,336.530523
-0.928571,4,336.792763
-0.857143,7,337.230717
-0.857143,7,337.673535
1.071429,4,337.879014
-0.880952,6,338.261104
1.214286,10,338.811671
-0.833333,8,339.309338
-0.761905,11,339.949424
1.190476,9,340.465108
-0.833333,8,340.962749
-0.928571,4,341.22316
-0.928571,4,341.478693
-0.928571,4,341.74196
-0.880952,6,342.109092
-0.880952,6,342.493054
-0.833333,8,342.986414
-0.880952,6,343.362941
-0.857143,7,343.857178
-0.857143,7,344.302959
1.214286,10,344.862724
-0.809524,9,345.402585
-0.833333,8,345.908758
-0.880952,6,346.295734
-0.880952,6,346.673074
-0.904762,5,346.991653
-0.833333,8,347.472166
-0.809524,9,348.03267
-0.857143,7,348.460319
-0.880952,6,348.830804
-0.880952,6,349.2068
-0.904762,5,349.510986
-0.904762,5,349.83618
-0.904762,5,350.152302
-0.880952,6,350.523238
-0.880952,6,350.893279
-0.928571,4,351.147601
-0.809524,9,351.701701
-0.738095,12,352.507116
-0.880952,6,352.944931
-0.880952,6,353.312569
-0.928571,4,353.581186
-0.833333,8,354.078357
-0.880952,6,354.452357
-0.785714,10,355.062271
-0.785714,10,355.708815
-0.833333,8,356.250901
-0.928571,4,356.515193
-0.857143,7,356.962776
-0.928571,4,357.220091
-0.833333,8,357.708573
-0.880952,6,358.141925
1.166667,8,358.603715
-0.880952,6,358.984751
-0.904762,5,359.318827
-0.785714,10,359.924207
-0.809524,9,360.46407
-0.857143,7,360.862794
-0.928571,4,361.118501
-0.809524,9,361.641643
-0.857143,7,362.070499
-0.857143,7,362.49907
-0.928571,4,362.743385
-0.857143,7,363.186204
-0.857143,7,363.59614
-9.738095,12,364.242041
-0.928571,4,364.487978
-0.857143,7,364.897886
-0.833333,8,365.360648
-0.928571,4,365.604507
-0.857143,7,366.02275
-0.857143,7,366.434306
1.190476,9,366.910013
-0.880952,6,367.274029
-0.833333,8,367.7458
-0.833333,8,368.214514
-0.880952,6,368.601543
-0.857143,7,369.044457
-0.809524,9,369.586009
-0.833333,8,370.074703
-0.928571,4,370.32603
1.190476,9,370.799763
-0.833333,8,371.269511
-0.880952,6,371.633536
-0.809524,9,372.157732
-0.928571,4,372.400052
1.166667,8,372.822922
-0.904762,5,373.140102
-0.809524,9,373.704563
-0.809524,9,374.239906
-0.833333,8,374.760854
-0.880952,6,375.161783
-0.833333,8,375.703501
-0.928571,4,375.956064
1.238095,11,376.564437
-0.809524,9,377.091027
-0.809524,9,377.702421
-0.880952,6,378.071406
-0.833333,8,378.55611
-0.857143,7,378.97103
-0.928571,4,379.212384
-0.857143,7,379.623285
-0.785714,10,380.214707
-0.880952,6,380.662512
-0.904762,5,380.983619
-0.833333,8,381.472323
-0.809524,9,382.011868
-0.928571,4,382.275195
-0.857143,7,382.687063
-0.857143,7,383.146866
1.214286,10,383.692376
-0.833333,8,384.187083
1.166667,8,384.611944
-0.880952,6,385.002871
-0.833333,8,385.477628
-0.880952,6,385.854627
-0.880952,6,386.217653
-0.785714,10,386.787099
-0.904762,5,387.110266
-0.833333,8,387.64584
-0.738095,12,388.395797
-0.785714,10,389.005201
-0.880952,6,389.369195
-0.857143,7,389.869856
-0.761905,11,390.534112
-0.880952,6,390.930043
1.071429,4,391.139494
-0.857143,7,391.561874
1.238095,11,392.175235
-0.857143,7,392.600715
-0.785714,10,393.208152
-0.857143,7,393.627002
-0.928571,4,393.891867
-0.785714,10,394.512285
-0.809524,9,395.059795
-0.809524,9,395.608167
1.071429,4,395.835922
1.095238,5,396.106705
1.166667,8,396.538547
-0.904762,5,396.851274
-0.928571,4,397.107952
-0.880952,6,397.480736
-0.714286,13,398.358922
-0.880952,6,398.729554
-0.928571,4,398.976926
-0.833333,8,399.472571
-0.904762,5,399.786762
-0.738095,12,400.467564
-0.785714,10,401.119206
-0.928571,4,401.372935
-0.809524,9,401.917546
-0.904762,5,402.22187
-0.833333,8,402.707942
1.190476,9,403.198605
-0.928571,4,403.470905
-0.880952,6,403.836996
-0.833333,8,404.320652
-0.833333,8,404.786154
-0.904762,5,405.1063
-0.857143,7,405.536269
-0.904762,5,405.850443
-0.904762,5,406.184434
-0.928571,4,406.44614
-0.928571,4,406.695502
-0.904762,5,407.00567
-0.928571,4,407.259549
-0.785714,10,407.867645
-0.904762,5,408.178319
-0.880952,6,408.55531
1.071429,4,408.761761
-0.880952,6,409.119135
-0.904762,5,409.446831
-0.904762,5,409.758826
-0.785714,10,410.364376
-0.928571,4,410.628699
-0.928571,4,410.881995
-0.880952,6,411.245086
1.071429,4,411.459538
-0.857143,7,411.89926
-0.880952,6,412.269269
-0.928571,4,412.519624
-0.833333,8,413.007907
-0.857143,7,413.449834
1.071429,4,413.656281
-0.880952,6,414.039284
-0.880952,6,414.405335
-0.833333,8,414.890429
-0.857143,7,415.321071
-0.904762,5,415.627225
-0.880952,6,416.010828
-0.904762,5,416.33448
1.071429,4,416.545882
1.071429,4,416.755323
-9.785714,10,417.298394
-0.785714,10,417.962302
-0.809524,9,418.493879
-0.857143,7,418.921795
-0.880952,6,419.296789
1.214286,10,419.860352
-0.880952,6,420.229367
1.190476,9,420.72755
-0.880952,6,421.095662
-0.904762,5,421.400817
1.261905,12,422.077523
-0.904762,5,422.386726
-0.904762,5,422.691657
1.071429,4,422.889129
-0.880952,6,423.262134
-0.809524,9,423.807286
-0.880952,6,424.180698
-0.785714,10,424.773542
-0.785714,10,425.370913
-0.904762,5,425.684586
-0.833333,8,426.169322
-0.833333,8,426.649015
-0.928571,4,426.910898
-0.880952,6,427.290424
-0.880952,6,427.684371
-0.809524,9,428.217959
-0.928571,4,428.483239
-0.880952,6,428.84279
-0.857143,7,429.2672
-0.880952,6,429.642139
-0.928571,4,429.903971
-0.880952,6,430.285494
-0.904762,5,430.589201
-0.833333,8,431.060943
-0.809524,9,431.607757
-0.833333,8,432.102814
-0.880952,6,432.469834
-0.833333,8,432.960303
1.190476,9,433.45617
-0.904762,5,433.770097
-0.857143,7,434.192996
-0.857143,7,434.663855
-0.833333,8,435.140903
-0.857143,7,435.660509
-0.928571,4,435.924314
-0.904762,5,436.237465
-0.880952,6,436.611221
1.166667,8,437.045268
1.214286,10,437.595391
-0.833333,8,438.101846
-0.738095,12,438.823977
-0.833333,8,439.324699
-0.880952,6,439.708613
1.071429,4,439.917088
-0.857143,7,440.342917
-0.857143,7,440.770557
-0.738095,12,441.496053
-0.880952,6,441.874553
-0.880952,6,442.239945
-0.833333,8,442.720254
-0.904762,5,443.0294
1.071429,4,443.242642
1.071429,4,443.445826
-0.714286,13,444.236126
-0.904762,5,444.547329
-0.880952,6,444.935282
-0.880952,6,445.305807
-0.833333,8,445.785358
-0.857143,7,446.209258
-0.880952,6,446.567324
-0.857143,7,447.001573
-0.761905,11,447.656145
-0.880952,6,448.037096
-0.928571,4,448.294441
-0.785714,10,448.879521
-0.785714,10,449.516816
-0.880952,6,449.891813
-0.928571,4,450.152612
-0.857143,7,450.584443
-0.785714,10,451.176028
-0.809524,9,451.717644
-0.785714,10,452.331825
-0.857143,7,452.755286
-0.880952,6,453.136792
-0.880952,6,453.518843
-0.761905,11,454.176775
1.071429,4,454.378209
-0.880952,6,454.746732
-0.880952,6,455.121542
-0.880952,6,455.487563
-0.880952,6,455.855576
-0.833333,8,456.347787
-0.928571,4,456.597814
-0.809524,9,457.152828
-0.857143,7,457.580684
-0.928571,4,457.839037
-0.880952,6,458.209727
-0.928571,4,458.468003
-0.880952,6,458.83303
-0.880952,6,459.211018
-0.833333,8,459.704027
-0.857143,7,460.125832
-0.928571,4,460.38115
-0.857143,7,460.810034
-0.833333,8,461.282871
-0.928571,4,461.532626
-0.880952,6,461.899776
-0.880952,6,462.284312
-0.928571,4,462.535668
1.214286,10,463.082799
1.071429,4,463.285449
-0.880952,6,463.651987
-0.928571,4,463.908331
-0.928571,4,464.154671
-0.833333,8,464.63084
-0.857143,7,465.05525
-0.928571,4,465.302589
-0.785714,10,465.910147
-0.880952,6,466.278019
-0.785714,10,466.881886
-0.857143,7,467.298339
-0.833333,8,467.793597
-0.880952,6,468.175313
-0.833333,8,468.660024
-0.833333,8,469.148725
-0.857143,7,469.591725
-0.857143,7,470.027561
-0.904762,5,470.336702
-0.880952,6,470.713738
-0.880952,6,471.070486
-0.833333,8,471.545214
-0.857143,7,471.970157
-0.833333,8,472.461571
-0.904762,5,472.785403
-0.904762,5,473.105546
-0.880952,6,473.493508
1.190476,9,473.995547
-0.857143,7,474.436836
-0.809524,9,474.972375
-0.761905,11,475.613686
-0.785714,10,476.219683
-0.738095,12,476.930325
-0.880952,6,477.2974
-0.880952,6,477.659475
-0.880952,6,478.034441
-0.809524,9,478.574623
1.071429,4,478.778084
-0.880952,6,479.150782
-0.809524,9,479.693342
-0.809524,9,480.23945
-0.880952,6,480.608877
-0.880952,6,480.987836
-0.857143,7,481.409707
-0.928571,4,481.661094
-0.880952,6,482.038674
-0.928571,4,482.290365
1.071429,4,482.499303
-0.857143,7,482.938502
-0.904762,5,483.250215
-0.880952,6,483.63422
-0.880952,6,484.009186
-0.904762,5,484.3331
-0.904762,5,484.64082
-0.880952,6,485.04112
-0.880952,6,485.405946
-0.857143,7,485.834798
-0.714286,13,486.604356
-0.809524,9,487.188787
-0.857143,7,487.613653
-0.928571,4,487.868033
1.190476,9,488.380939
-0.619048,17,489.371391
-0.833333,8,489.863579
-0.928571,4,490.1229
-0.928571,4,490.374202
1.190476,9,490.864892
-0.880952,6,491.254963
-0.785714,10,491.865248
-0.928571,4,492.124578
-0.880952,6,492.502573
-0.880952,6,492.871197
-0.928571,4,493.134467
-0.928571,4,493.39888
-0.809524,9,493.931894
-0.904762,5,494.252002
-0.857143,7,494.713768
-0.761905,11,495.39723
-0.928571,4,495.652138
-0.785714,10,496.317333
-0.833333,8,496.796688
-0.857143,7,497.230429
-0.904762,5,497.547581
-0.904762,5,497.868754
-0.880952,6,498.265692
-0.880952,6,498.62274
-0.928571,4,498.888022
1.166667,8,499.334311
-0.880952,6,499.712114
-0.880952,6,500.086547
-0.880952,6,500.459901
-0.928571,4,500.713588
-0.857143,7,501.139448
-0.880952,6,501.507033
-0.880952,6,501.900493
-0.880952,6,502.26431
-0.928571,4,502.510684
-0.809524,9,503.058217
-0.857143,7,503.481592
-0.880952,6,503.859797
-0.857143,7,504.294641
-0.928571,4,504.543003
-0.833333,8,505.064683
1.166667,8,505.67457
-0.880952,6,506.042813
-0.880952,6,506.419404
-0.904762,5,506.739553
-0.880952,6,507.11004
-0.809524,9,507.659604
-0.904762,5,507.988753
-0.904762,5,508.305908
-0.880952,6,508.670105
-0.880952,6,509.050088
-0.857143,7,509.468997
1.190476,9,509.967351
-0.880952,6,510.3264
-0.785714,10,510.917708
-0.880952,6,511.291708
-0.880952,6,511.665905
-0.880952,6,512.04178
-0.833333,8,512.522272
-0.880952,6,512.887301
-0.857143,7,513.308767
-0.785714,10,513.908871
-0.880952,6,514.273925
-0.928571,4,514.518271
-0.928571,4,514.770595
-0.880952,6,515.14363
1.166667,8,515.591736
-0.833333,8,516.12132
-0.833333,8,516.591941
-0.857143,7,517.013814
-0.833333,8,517.502505
-0.857143,7,517.936405
-0.928571,4,518.194688
-0.928571,4,518.455037
-0.833333,8,518.941709
-0.833333,8,519.428978
-0.904762,5,519.75462
-0.904762,5,520.074003
-0.880952,6,520.451284
-0.880952,6,520.820294
-0.880952,6,521.188435
-0.809524,9,521.732432
1.190476,9,522.236099
-0.857143,7,522.662729
-0.857143,7,523.09216
-0.904762,5,523.402531
-0.880952,6,523.773969
-0.928571,4,524.03325
-0.857143,7,524.464132
-0.880952,6,524.830778
-0.880952,6,525.197329
-0.928571,4,525.506517
-0.857143,7,525.934054
-0.928571,4,526.20188
-0.928571,4,526.460182
-0.785714,10,527.058207
-0.833333,8,527.571047
1.071429,4,527.803426
-0.833333,8,528.282159
-0.928571,4,528.533107
-0.880952,6,528.910202
-0.761905,11,529.571167
-0.880952,6,529.934226
-0.785714,10,530.611555
-0.928571,4,530.87631
-0.904762,5,531.195456
-0.833333,8,531.682153
-0.904762,5,531.986792
-0.880952,6,532.369777
-0.880952,6,532.799579
-0.833333,8,533.334149
-0.857143,7,533.786445
-0.833333,8,534.285083
-0.833333,8,534.789735
-0.833333,8,535.286623
-0.833333,8,535.788291
-0.880952,6,536.184232
-0.809524,9,536.754516
-0.928571,4,537.024815
-0.880952,6,537.388841
-0.904762,5,537.747884
-0.880952,6,538.234528
-0.857143,7,538.713203
-0.857143,7,539.179966
-0.833333,8,539.670219
-0.880952,6,540.072685
-0.857143,7,540.488578
-0.880952,6,540.840198
-0.857143,7,541.273536
-0.928571,4,541.527252
-0.857143,7,541.974083
-0.880952,6,542.345063
-0.857143,7,542.783731
-0.833333,8,543.369197
-0.785714,10,543.971639
1.238095,11,544.573439
-0.880952,6,544.929936
-0.928571,4,545.171937
-0.857143,7,545.57445
-0.880952,6,545.978621
-0.809524,9,546.547171
-0.904762,5,546.871301
-0.928571,4,547.145551
-0.928571,4,547.400869
-0.833333,8,547.915839
-0.880952,6,548.307762
-0.904762,5,548.612946
-0.833333,8,549.116166
1.071429,4,549.331189
-0.904762,5,549.637418
-0.880952,6,550.050851
-0.880952,6,550.445799
-0.880952,6,550.839709
-0.857143,7,551.401182
-0.833333,8,551.936264
-0.880952,6,552.44092
-0.928571,4,552.691289
-0.809524,9,553.267221
-0.928571,4,553.535502
-0.785714,10,554.165846
-0.880952,6,554.611591
-0.904762,5,555.080306
-0.857143,7,555.515167
-0.880952,6,555.883227
-0.880952,6,556.260217
-0.761905,11,556.904492
-0.857143,7,557.33451
-0.928571,4,557.600825
-0.904762,5,557.931927
-0.857143,7,558.367791
-0.857143,7,558.795142
-0.904762,5,559.102324
1.071429,4,559.330801
-0.809524,9,559.931214
-0.833333,8,560.43287
-0.857143,7,560.866709
-0.857143,7,561.294567
-0.880952,6,561.694497
-0.880952,6,562.055531
-0.880952,6,562.482391
-0.809524,9,563.030956
-0.809524,9,563.593419
-0.833333,8,564.076137
-0.880952,6,564.517946
-0.928571,4,564.776256
-0.928571,4,565.037558
-0.880952,6,565.427515
-0.880952,6,565.789574
-0.857143,7,566.197455
-0.880952,6,566.560316
-0.880952,6,566.935338
-0.928571,4,567.190631
-0.809524,9,567.754123
-0.833333,8,568.233871
-0.761905,11,568.891271
-0.857143,7,569.336107
-0.785714,10,569.973377
-0.857143,7,570.400236
-0.904762,5,570.707442
-0.809524,9,571.226028
1.071429,4,571.463394
-0.880952,6,571.910199
1.214286,10,572.458746
-0.880952,6,572.826679
-0.880952,6,573.179345
-0.928571,4,573.430674
-0.857143,7,573.864512
-0.761905,11,574.504799
-0.833333,8,574.962249
-0.880952,6,575.316301
-0.904762,5,575.642429
-0.738095,12,576.338567
-0.880952,6,576.697634
-0.809524,9,577.213395
-0.928571,4,577.464724
-0.857143,7,577.912528
-0.928571,4,578.169838
-0.904762,5,578.531871
-0.928571,4,578.808131
1.190476,9,579.357663
-0.928571,4,579.628943
-0.809524,9,580.179632
-0.857143,7,580.596544
-0.904762,5,580.89076
-0.833333,8,581.390431
-0.880952,6,581.772443
-0.880952,6,582.182315
-0.833333,8,582.686992
-0.880952,6,583.035033
-0.809524,9,583.605534
1.214286,10,584.17299
-0.880952,6,584.550012
1.071429,4,584.755461
1.190476,9,585.265076
-0.857143,7,585.694922
1.071429,4,585.899374
-0.833333,8,586.391088
1.142857,7,586.793983
-0.880952,6,587.164989
-0.880952,6,587.547003
-0.809524,9,588.101486
-0.833333,8,588.599155
-0.833333,8,589.107794
-0.904762,5,589.422951
-0.904762,5,589.72218
-0.928571,4,589.973343
-0.785714,10,590.582686
-0.928571,4,590.823074
-0.928571,4,591.079384
-0.880952,6,591.440455
-0.904762,5,591.736637
-0.928571,4,591.986001
-0.880952,6,592.350994
-0.738095,12,593.063091
-0.904762,5,593.375255
-0.928571,4,593.630574
-0.857143,7,594.048455
-0.880952,6,594.415504
-0.714286,13,595.2014
-0.880952,6,595.545478
-0.809524,9,596.094982
-0.833333,8,596.561734
-0.833333,8,597.028518
-0.904762,5,597.331676
-0.857143,7,597.749557
-0.785714,10,598.334022
-0.738095,12,599.029167
-0.857143,7,599.440065
-0.880952,6,599.818059
-0.857143,7,600.231543
-0.857143,7,600.633467
-0.904762,5,600.945605
-0.833333,8,601.403408
-0.761905,11,602.022444
-0.857143,7,602.446344
-0.904762,5,602.743517
-0.857143,7,603.159405
-0.809524,9,603.679442
-0.928571,4,603.927757
-0.904762,5,604.229962
-0.833333,8,604.687721
-0.880952,6,605.053759
-0.928571,4,605.302077
-0.809524,9,605.8167
-0.904762,5,606.105473
-0.928571,4,606.346686
-0.857143,7,606.75061
1.238095,11,607.336012
-0.880952,6,607.698044
-0.928571,4,607.952391
-9.714286,13,608.666456
-0.904762,5,608.979619
-0.857143,7,609.427422
-0.880952,6,609.839349
-0.857143,7,610.284158
1.071429,4,610.493569
-0.833333,8,610.986285
-0.880952,6,611.351275
-0.833333,8,611.807056
-0.857143,7,612.220949
-0.928571,4,612.46732
-0.785714,10,613.026794
-0.880952,6,613.38962
-0.928571,4,613.655878
-0.880952,6,614.034865
-0.809524,9,614.587416
1.071429,4,614.786878
-0.904762,5,615.144927
-0.928571,4,615.416202
-0.833333,8,615.902894
-0.928571,4,616.155195
-0.857143,7,616.563104
1.071429,4,616.755262
-0.833333,8,617.217001
-0.785714,10,617.803463
-0.928571,4,618.053791
-0.904762,5,618.367953
-0.809524,9,618.885541
-0.880952,6,619.250741
-0.857143,7,619.665255
-0.761905,11,620.308511
-0.785714,10,620.933942
-0.833333,8,621.414655
-0.833333,8,621.888388
-0.833333,8,622.383066
-0.880952,6,622.755246
-0.809524,9,623.303813
-0.880952,6,623.686781
-0.904762,5,624.014879
1.095238,5,624.287502
-0.809524,9,624.860971
-0.880952,6,625.210081
-0.880952,6,625.565333
-0.928571,4,625.818653
-0.857143,7,626.259447
-0.857143,7,626.679323
-0.833333,8,627.155052
-0.809524,9,627.70858
-0.857143,7,628.121495
1.166667,8,628.567274
1.071429,4,628.768765
-0.928571,4,629.014555
-9.642857,16,629.938054
-0.809524,9,630.567266
-0.785714,10,631.171868
-0.738095,12,631.982698
-0.928571,4,632.241054
-0.904762,5,632.558565
-0.880952,6,632.921776
-0.880952,6,633.283523
-0.928571,4,633.532857
-0.761905,11,634.186087
-0.880952,6,634.550532
-0.928571,4,634.804271
-0.738095,12,635.518392
-0.880952,6,635.925477
-0.928571,4,636.213173
-0.928571,4,636.462073
-0.833333,8,636.951288
-9.809524,9,637.429026
-0.857143,7,637.86847
1.071429,4,638.075903
-0.880952,6,638.454917
-0.880952,6,638.824901
-0.880952,6,639.185308
-0.833333,8,639.663921
-0.857143,7,640.090319
-0.785714,10,640.690141
-0.880952,6,641.054202
-0.833333,8,641.536417
-0.880952,6,641.915128
-0.857143,7,642.336429
-0.857143,7,642.771719
-0.857143,7,643.218689
-0.928571,4,643.475492
-0.928571,4,643.733788
-0.809524,9,644.281349
-0.880952,6,644.640363
-0.857143,7,645.064741
-0.880952,6,645.433782
-0.928571,4,645.690104
-0.809524,9,646.232859
-0.833333,8,646.713543
-0.904762,5,647.018728
-0.928571,4,647.279118
-0.809524,9,647.828691
-0.928571,4,648.093526
-0.928571,4,648.351801
-0.904762,5,648.651976
-0.833333,8,649.129812
-0.833333,8,649.620035
-0.833333,8,650.11558
-0.809524,9,650.67366
-0.904762,5,650.982502
-0.785714,10,651.582656
-0.928571,4,651.841935
-0.904762,5,652.152531
-0.880952,6,652.566731
-9.690476,14,653.405467
-0.928571,4,653.671265
1.071429,4,653.888716
-0.880952,6,654.250829
-0.904762,5,654.568585
-0.833333,8,655.056259
-0.904762,5,655.380094
-0.880952,6,655.753576
-0.833333,8,656.232487
-0.928571,4,656.497781
-0.833333,8,656.977027
-0.904762,5,657.284966
-0.809524,9,657.836981
-0.833333,8,658.309688
-0.928571,4,658.561038
-0.833333,8,659.036757
-0.880952,6,659.40029
-0.904762,5,659.71545
-0.880952,6,660.08154
-0.809524,9,660.603983
-0.833333,8,661.087213
-0.904762,5,661.399409
1.214286,10,661.961263
1.214286,10,662.533614
-0.928571,4,662.802921
-0.928571,4,663.083173
1.214286,10,663.661743
-0.928571,4,663.915263
-0.880952,6,664.295784
-0.761905,11,664.993921
-0.928571,4,665.239942
1.214286,10,665.792018
-0.880952,6,666.198128
-0.904762,5,666.517794
-0.880952,6,666.917253
-0.880952,6,667.308033
-0.880952,6,667.689989
1.190476,9,668.232728
-0.928571,4,668.493556
-0.833333,8,668.996769
-0.809524,9,669.586159
-0.857143,7,670.066612
-0.928571,4,670.384984
-0.880952,6,670.751978
-0.880952,6,671.139939
-0.809524,9,671.74093
-0.904762,5,672.045804
-0.833333,8,672.536038
-0.880952,6,672.90123
-0.928571,4,673.160078
-0.880952,6,673.527637
-0.833333,8,674.011546
-0.928571,4,674.265893
-0.857143,7,674.695723
-0.809524,9,675.227299
-0.928571,4,675.483706
-0.928571,4,675.742402
-0.809524,9,676.286704
-0.880952,6,676.649652
-9.761905,11,677.247938
1.119048,6,677.57555
1.071429,4,677.790942
-0.761905,11,678.443594
1.071429,4,678.644623
-0.880952,6,679.017795
-0.880952,6,679.411698
-0.809524,9,679.951284
-0.880952,6,680.330242
-0.928571,4,680.576651
-0.928571,4,680.834521
1.166667,8,681.282825
-0.928571,4,681.542137
-0.928571,4,681.800007
-0.928571,4,682.048884
-0.809524,9,682.584486
-0.833333,8,683.068417
-0.761905,11,683.732112
-0.904762,5,684.049317
-0.833333,8,684.536504
-0.833333,8,685.028319
-0.880952,6,685.450189
-0.904762,5,685.770439
-0.880952,6,686.139453
1.142857,7,686.519435
-0.809524,9,687.065496
-0.928571,4,687.317667
-0.880952,6,687.700434
-0.785714,10,688.301852
-0.809524,9,688.843427
-0.928571,4,689.09976
1.071429,4,689.309204
-0.809524,9,689.860856
-0.904762,5,690.17641
-0.928571,4,690.433115
-0.857143,7,690.864094
-0.880952,6,691.244596
-0.857143,7,691.684419
-0.904762,5,692.001602
-0.928571,4,692.258417
-0.880952,6,692.637559
-0.833333,8,693.145231
-0.761905,11,693.83339
-0.833333,8,694.337168
-0.880952,6,694.753052
-0.880952,6,695.149989
-0.809524,9,695.777248
-0.857143,7,696.229039
-0.857143,7,696.6659
-0.809524,9,697.222426
-0.833333,8,697.747022
-0.857143,7,698.171919
-0.833333,8,698.651701
-0.785714,10,699.256633
-0.857143,7,699.681043
-0.904762,5,700.00063
-0.880952,6,700.370199
-0.809524,9,700.955633
-0.857143,7,701.399474
-0.928571,4,701.655742
-0.880952,6,702.028775
-0.857143,7,702.450644
-0.809524,9,702.995429
-0.880952,6,703.363904
-0.928571,4,703.621189
-0.857143,7,704.051069
-0.904762,5,704.352201
1.071429,4,704.558802
-0.714286,13,705.308826
-0.880952,6,705.677842
-0.833333,8,706.173024
-0.809524,9,706.724504
-0.833333,8,707.206217
-0.880952,6,707.576262
-0.904762,5,707.894972
-0.833333,8,708.396649
-0.809524,9,708.947409
-0.904762,5,709.264589
-0.809524,9,709.815828
1.095238,5,710.092698
-0.809524,9,710.643766
-0.857143,7,711.078196
-0.880952,6,711.460205
-0.833333,8,711.948524
-0.833333,8,712.426248
-0.833333,8,712.913031
-0.928571,4,713.173339
-0.857143,7,713.61717
-0.928571,4,713.868499
-0.809524,9,714.413145
-0.928571,4,714.663504
-0.928571,4,714.911696
-0.857143,7,715.346562
-0.833333,8,715.836287
-0.928571,4,716.091665
-0.857143,7,716.510193
-0.833333,8,716.997929
-0.809524,9,717.548146
-0.904762,5,717.862994
-0.761905,11,718.573373
-0.809524,9,719.107915
-0.880952,6,719.48139
-0.928571,4,719.741668
-0.880952,6,720.102703
-0.880952,6,720.468786
-0.857143,7,720.890473
-0.880952,6,721.259105
-0.833333,8,721.759829
-0.857143,7,722.182019
-0.880952,6,722.563549
-0.928571,4,722.829272
-0.928571,4,723.092129
-0.785714,10,723.762202
1.071429,4,723.970183
-0.809524,9,724.528405
-0.904762,5,724.846555
-0.809524,9,725.416003
-0.880952,6,725.789113
-0.761905,11,726.461816
-0.928571,4,726.710153
-0.833333,8,727.180899
-0.904762,5,727.507089
-0.833333,8,727.989848
-0.880952,6,728.35587
-0.857143,7,728.795723
-0.833333,8,729.280958
-0.857143,7,729.759191
-0.857143,7,730.192062
-0.880952,6,730.549126
-0.833333,8,731.039173
-0.809524,9,731.582716
-0.880952,6,731.958745
-0.928571,4,732.215648
-0.904762,5,732.515391
-0.880952,6,732.885433
-0.928571,4,733.131743
-0.857143,7,733.557624
-0.928571,4,733.845432
-0.928571,4,734.096316
-0.833333,8,734.587743
-0.785714,10,735.200104
-0.880952,6,735.571113
-0.928571,4,735.825988
-0.857143,7,736.244865
-0.857143,7,736.6663
-0.904762,5,736.982463
-0.928571,4,737.240744
-0.904762,5,737.555948
1.214286,10,738.149891
-0.833333,8,738.666023
-0.857143,7,739.098325
-0.880952,6,739.460071
-0.833333,8,739.944748
-0.904762,5,740.251825
-0.928571,4,740.502383
-0.880952,6,740.875496
-0.857143,7,741.297451
-0.928571,4,741.544637
-0.928571,4,741.800677
-0.928571,4,742.054425
-0.785714,10,742.645843
-0.857143,7,743.112183
-0.880952,6,743.475744
-0.928571,4,743.734052
-0.928571,4,743.985349
-0.857143,7,744.405335
-0.904762,5,744.720482
-0.857143,7,745.139824
-0.833333,8,745.627497
-0.785714,10,746.21465
-0.761905,11,746.854996
-0.904762,5,747.162202
-0.857143,7,747.591631
-0.880952,6,747.957344
-0.928571,4,748.205657
-0.928571,4,748.455977
-0.928571,4,748.704313
1.071429,4,748.901785
-0.785714,10,749.478698
-0.857143,7,749.890843
1.071429,4,750.09527
-0.928571,4,750.406943
-0.928571,4,750.699208
-0.880952,6,751.075409
-0.928571,4,751.325592
-0.928571,4,751.582931
-0.833333,8,752.093567
1.071429,4,752.299987
-0.809524,9,752.860409
-0.928571,4,753.109823
-0.857143,7,753.534139
-0.809524,9,754.080158
-0.880952,6,754.440492
-0.809524,9,754.973554
-0.809524,9,755.505132
-0.880952,6,755.87444
-0.880952,6,756.231932
-0.857143,7,756.646395
-0.761905,11,757.301815
-0.809524,9,757.83366
-0.928571,4,758.175819
-0.809524,9,758.719235
-0.833333,8,759.17704
-0.761905,11,759.818671
-0.857143,7,760.236611
-0.833333,8,760.728798
-0.928571,4,760.987832
-0.928571,4,761.243185
-0.928571,4,761.492551
-0.880952,6,761.863413
-0.928571,4,762.103237
-0.785714,10,762.684709
-0.857143,7,763.097089
-0.857143,7,763.506488
-0.833333,8,763.979732
-0.880952,6,764.342762
-0.809524,9,764.8834
-0.809524,9,765.405754
-0.880952,6,765.764762
-0.928571,4,766.018084
-0.880952,6,766.409374
-0.833333,8,766.923637
-0.904762,5,767.231786
-0.785714,10,767.836325
-0.833333,8,768.306044
-0.809524,9,768.839646
-0.904762,5,769.152792
-0.880952,6,769.516947
-0.857143,7,769.953526
-0.928571,4,770.210416
-0.809524,9,770.741687
-0.880952,6,771.109247
-0.833333,8,771.583972
-0.880952,6,771.940542
-0.928571,4,772.19278
-0.880952,6,772.554814
-0.857143,7,772.975687
-0.928571,4,773.221164
-0.904762,5,773.530367
-0.857143,7,773.957235
-0.880952,6,774.32261
-0.880952,6,774.689107
-0.904762,5,774.9903
-9.785714,10,775.532295
-0.928571,4,775.780858
-0.880952,6,776.147792
-0.880952,6,776.513381
-0.857143,7,776.947234
-0.928571,4,777.195098
-0.880952,6,777.560645
-0.809524,9,778.082143
1.071429,4,778.289619
-0.857143,7,778.709337
-0.880952,6,779.078349
-0.928571,4,779.330494
-0.880952,6,779.695043
-0.904762,5,780.014189
-0.880952,6,780.37525
1.190476,9,780.856439
-0.857143,7,781.281815
-0.738095,12,781.976952
-0.928571,4,782.224347
-0.857143,7,782.680701
-0.857143,7,783.139487
-0.904762,5,783.451151
1.071429,4,783.659334
-0.785714,10,784.252732
-0.785714,10,784.858128
-0.809524,9,785.394903
-0.880952,6,785.762948
-0.857143,7,786.180831
-0.833333,8,786.729407
-0.785714,10,787.326542
1.071429,4,787.525011
-0.833333,8,788.000905
-0.833333,8,788.54195
-0.904762,5,788.883842
-0.928571,4,789.130714
-0.880952,6,789.493747
-0.904762,5,789.801895
-0.904762,5,790.110818
-0.809524,9,790.650423
-0.857143,7,791.069332
-0.809524,9,791.609481
-0.833333,8,792.06786
-0.928571,4,792.305775
-0.928571,4,792.550828
-0.785714,10,793.150724
-0.857143,7,793.59056
-0.809524,9,794.133127
-0.928571,4,794.383459
-0.857143,7,794.835796
-9.761905,11,795.393472
-0.928571,4,795.62805
-0.904762,5,795.920151
-0.928571,4,796.155889
-0.880952,6,796.497816
-0.857143,7,796.911263
1.214286,10,797.432894
-0.833333,8,797.893165
-0.809524,9,798.395546
-0.833333,8,798.896725
-9.738095,12,799.542103
-0.880952,6,799.931642
-0.904762,5,800.2442
1.166667,8,800.669088
-0.857143,7,801.094961
-0.880952,6,801.458652
-0.904762,5,801.781792
-0.833333,8,802.266466
-0.833333,8,802.750209
-9.690476,14,803.492086
-0.928571,4,803.746434
-0.833333,8,804.220302
-0.833333,8,804.709486
-0.880952,6,805.069097
-0.761905,11,805.717361
-0.928571,4,805.965237
-0.928571,4,806.218548
-0.928571,4,806.466455
-0.880952,6,806.826262
-0.880952,6,807.195276
-0.833333,8,807.665092
-0.904762,5,807.974291
-0.857143,7,808.405233
-0.904762,5,808.710446
-0.857143,7,809.130321
-0.857143,7,809.549487
-0.880952,6,809.909441
-0.880952,6,810.265462
-0.857143,7,810.677362
-0.785714,10,811.270696
-0.857143,7,811.696247
-0.809524,9,812.23982
1.166667,8,812.671499
-0.761905,11,813.316499
-0.928571,4,813.563869
-0.928571,4,813.822176
-0.809524,9,814.359065
-0.928571,4,814.605411
-0.880952,6,814.974471
-0.928571,4,815.215797
-0.857143,7,815.630042
-0.928571,4,815.879974
-0.809524,9,816.419925
-0.857143,7,816.8533
-0.904762,5,817.157461
-0.904762,5,817.464718
-0.904762,5,817.770484
-0.904762,5,818.068658
-0.880952,6,818.423711
-0.904762,5,818.731906
-0.904762,5,819.043651
-0.880952,6,819.404201
1.095238,5,819.668468
-0.904762,5,819.967667
-0.809524,9,820.495475
-0.928571,4,820.744039
1.071429,4,820.94742
-0.904762,5,821.247644
-0.880952,6,821.603663
-0.904762,5,821.910437
-0.833333,8,822.377846
-0.761905,11,823.025108
-0.857143,7,823.440998
-0.928571,4,823.689357
-0.880952,6,824.047215
-0.880952,6,824.40825
-0.833333,8,824.882011
-0.880952,6,825.243092
-0.880952,6,825.604657
-0.761905,11,826.261907
-0.809524,9,826.840659
-0.904762,5,827.228141
-0.928571,4,827.503372
-0.857143,7,827.927258
-0.880952,6,828.287291
-0.809524,9,828.804255
-0.833333,8,829.28597
-0.928571,4,829.532309
1.214286,10,830.069478
-0.880952,6,830.436543
-0.857143,7,830.870903
-0.928571,4,831.121232
-0.785714,10,831.710283
-0.833333,8,832.205049
-0.880952,6,832.573033
-0.833333,8,833.071875
-0.928571,4,833.313799
-0.809524,9,833.860575
-0.880952,6,834.226666
-0.904762,5,834.527866
-0.785714,10,835.115318
-0.857143,7,835.524399
1.071429,4,835.72585
-0.904762,5,836.04351
-0.904762,5,836.344734
-0.928571,4,836.588053
-0.880952,6,836.945702
-0.904762,5,837.258734
-0.904762,5,837.553943
-0.809524,9,838.084531
-0.880952,6,838.447588
-0.857143,7,838.860194
-0.880952,6,839.237186
-0.880952,6,839.608226
-0.809524,9,840.142826
1.190476,9,840.618074
-0.857143,7,841.038917
-0.904762,5,841.345721
-0.904762,5,841.652103
-0.880952,6,842.02452
-0.857143,7,842.446391
-0.904762,5,842.755541
-0.857143,7,843.179402
1.166667,8,843.622432
-0.928571,4,843.877775
-0.880952,6,844.239678
-0.857143,7,844.654215
-0.904762,5,844.977699
-0.761905,11,845.62949
-0.880952,6,846.007452
-0.904762,5,846.32463
-0.904762,5,846.631729
-0.880952,6,846.994758
-0.785714,10,847.590149
-0.880952,6,847.958604
-0.904762,5,848.262287
1.166667,8,848.693163
-0.880952,6,849.057164
1.142857,7,849.428732
-0.880952,6,849.790883
-0.857143,7,850.214749
-0.904762,5,850.528881
-0.928571,4,850.779226
-0.928571,4,851.021048
-0.928571,4,851.270355
-0.904762,5,851.583519
-0.904762,5,851.892691
-0.904762,5,852.19688
-0.880952,6,852.582477
-0.833333,8,853.053226
1.071429,4,853.255675
-0.904762,5,853.553876
-0.880952,6,853.91403
-0.857143,7,854.322073
-0.880952,6,854.683586
-0.761905,11,855.310923
-0.833333,8,855.795643
-0.833333,8,856.26553
-0.833333,8,856.750207
-0.857143,7,857.180079
-0.809524,9,857.713626
-0.904762,5,858.024822
-0.857143,7,858.442698
-0.928571,4,858.702719
-0.738095,12,859.389306
-0.857143,7,859.814169
-0.904762,5,860.11784
-0.833333,8,860.593035
-0.857143,7,861.007472
-0.880952,6,861.363548
-0.833333,8,861.85876
1.238095,11,862.449273
-0.904762,5,862.763433
-0.761905,11,863.429686
-0.880952,6,863.824595
-0.904762,5,864.130748
-0.928571,4,864.377097
-0.904762,5,864.680279
-0.904762,5,864.995493
-0.880952,6,865.357864
-0.880952,6,865.718179
-0.904762,5,866.037294
-0.880952,6,866.39636
-0.809524,9,866.939091
-0.880952,6,867.29317
-0.904762,5,867.60132
-0.928571,4,867.845692
-0.904762,5,868.154913
1.071429,4,868.360368
-0.880952,6,868.732551
-0.880952,6,869.101557
-0.857143,7,869.516983
-0.833333,8,869.999233
-0.833333,8,870.47731
1.261905,12,871.142535
1.095238,5,871.415817
1.214286,10,871.952187
1.214286,10,872.505709
-0.857143,7,872.954911
-0.809524,9,873.498514
-0.928571,4,873.75386
-0.857143,7,874.187672
-0.904762,5,874.509818
-0.880952,6,874.967592
-0.880952,6,875.37692
-0.904762,5,875.720999
-0.904762,5,876.040143
-0.857143,7,876.4775
-0.904762,5,876.815627
-0.880952,6,877.191285
-0.880952,6,877.579296
-0.904762,5,877.899919
-0.904762,5,878.230577
-0.904762,5,878.549781
-0.761905,11,879.258416
-0.833333,8,879.750736
-0.857143,7,880.186604
-0.880952,6,880.641868
-0.690476,14,881.5954
-0.761905,11,882.289585
-0.833333,8,882.805457
-0.809524,9,883.375915
-0.904762,5,883.71955
-0.880952,6,884.131799
-0.928571,4,884.384321
-0.833333,8,884.893955
-0.857143,7,885.312839
-0.904762,5,885.613438
-0.833333,8,886.102495
-0.880952,6,886.471268
-0.880952,6,886.848326
-0.833333,8,887.315079
-0.880952,6,887.776715
-0.880952,6,888.31247
-0.928571,4,888.573718
-0.809524,9,889.118239
-0.928571,4,889.365545
-0.857143,7,889.788444
-0.928571,4,890.037631
-0.928571,4,890.294449
-0.928571,4,890.541792
-0.857143,7,890.970613
-0.857143,7,891.396603
-0.833333,8,891.874725
-0.785714,10,892.456189
-0.904762,5,892.768734
-0.928571,4,893.009064
-0.928571,4,893.256941
-0.928571,4,893.519268
-0.880952,6,893.896232
-0.904762,5,894.19703
-0.880952,6,894.570673
-0.904762,5,894.888017
-0.880952,6,895.251015
-0.833333,8,895.741767
-0.880952,6,896.099347
-0.809524,9,896.651901
-0.904762,5,896.972044
-0.904762,5,897.278452
-0.809524,9,897.826589
-0.928571,4,898.077487
-0.880952,6,898.449102
-0.880952,6,898.841053
-0.880952,6,899.219072
-0.880952,6,899.585146
-0.880952,6,899.96697
-0.833333,8,900.437356
-0.880952,6,900.798396
-0.857143,7,901.222288
1.214286,10,901.779867
-0.904762,5,902.084562
-0.904762,5,902.390769
-0.857143,7,902.818599
-0.857143,7,903.257505
-0.880952,6,903.621119
-0.809524,9,904.150676
-0.761905,11,904.811535
-0.857143,7,905.24455
-0.785714,10,905.835969
-0.785714,10,906.418556
-0.880952,6,906.787319
-0.833333,8,907.267466
-0.761905,11,907.909322
-0.880952,6,908.272958
-0.880952,6,908.646813
-0.880952,6,909.005881
-0.833333,8,909.506714
-0.833333,8,910.013803
1.071429,4,910.222275
-0.857143,7,910.630181
-0.880952,6,911.039068
1.095238,5,911.311368
-0.904762,5,911.626021
-9.833333,8,912.074792
-0.833333,8,912.642817
-0.928571,4,912.896449
-0.833333,8,913.447176
-0.809524,9,914.023175
-0.833333,8,914.497403
1.166667,8,914.921397
-0.857143,7,915.324319
-0.904762,5,915.612577
-0.880952,6,915.968626
-0.928571,4,916.204016
-0.833333,8,916.691766
-0.904762,5,916.995953
-0.880952,6,917.391944
-0.928571,4,917.640258
-0.904762,5,917.9856
-0.880952,6,918.388518
-0.761905,11,919.04177
-0.880952,6,919.450312
-0.833333,8,919.918251
-0.928571,4,920.200497
-0.904762,5,920.618379
-0.833333,8,921.224423
-0.833333,8,921.790909
-0.904762,5,922.158926
-0.857143,7,922.627673
-0.833333,8,923.205153
-0.928571,4,923.516295
1.071429,4,923.768653
-0.857143,7,924.182544
-0.880952,6,924.541555
-0.785714,10,925.171868
-0.785714,10,925.777518
-0.880952,6,926.113589
-0.928571,4,926.342011
-0.880952,6,926.708513
1.071429,4,926.893762
-0.809524,9,927.408414
-0.904762,5,927.703624
-0.904762,5,927.98793
-0.833333,8,928.442747
-0.857143,7,928.842644
-0.761905,11,929.442041
-0.857143,7,929.835237
-0.928571,4,930.063598
1.095238,5,930.300018
-0.928571,4,930.526391
-0.761905,11,931.138754
-0.928571,4,931.368807
-0.833333,8,931.837582
-0.880952,6,932.189609
-0.880952,6,932.542666
-0.904762,5,932.962542
-0.857143,7,933.53601
-0.904762,5,933.965153
-0.928571,4,934.275323
-0.857143,7,934.787952
-0.928571,4,935.089173
-0.833333,8,935.632812
-0.904762,5,935.971887
-0.880952,6,936.376791
-0.857143,7,936.784944
-0.928571,4,937.045269
-0.928571,4,937.284602
-0.880952,6,937.621128
-0.833333,8,938.075906
-0.904762,5,938.404029
-0.833333,8,938.888736
-0.857143,7,939.307586
-0.857143,7,939.702529
-0.880952,6,940.052624
-0.880952,6,940.394678
-0.928571,4,940.630083
-0.809524,9,941.139713
-0.833333,8,941.585495
-0.904762,5,941.871756
1.214286,10,942.376379
-0.880952,6,942.71052
-0.880952,6,943.06454
-0.857143,7,943.461477
-0.928571,4,943.69984
-0.880952,6,944.040928
-0.928571,4,944.290263
-0.928571,4,944.54661
-0.928571,4,944.783941
-0.857143,7,945.163925
-0.880952,6,945.506044
-0.833333,8,945.947861
-0.857143,7,946.343798
-0.904762,5,946.634021
-0.928571,4,946.874352
-0.880952,6,947.213477
1.166667,8,947.6413
-0.904762,5,947.926823
-0.785714,10,948.490311
-0.904762,5,948.785527
-0.857143,7,949.181052
-9.761905,11,949.745559
-0.833333,8,950.202338
-0.880952,6,950.545422
-0.904762,5,950.842626
-0.904762,5,951.11789
-0.833333,8,951.558724
-0.928571,4,951.806049
-0.714286,13,952.524129
-0.880952,6,952.880178
-0.928571,4,953.108566
1.071429,4,953.321995
-0.928571,4,953.55939
1.214286,10,954.091968
-0.761905,11,954.706594
-0.880952,6,955.065603
-0.880952,6,955.401859
-0.904762,5,955.692083
-0.880952,6,956.05212
-0.904762,5,956.330376
-0.904762,5,956.620068
1.071429,4,956.808436
-0.928571,4,957.051813
1.166667,8,957.44897
-0.857143,7,957.843905
-0.857143,7,958.23982
-0.857143,7,958.642768
-0.857143,7,959.059628
-0.785714,10,959.66207
-0.880952,6,960.035041
-0.857143,7,960.487855
-0.928571,4,960.744171
-0.904762,5,961.045371
-0.857143,7,961.489181
-0.857143,7,961.921028
-0.738095,12,962.624357
-0.857143,7,963.040212
-0.857143,7,963.469065
-0.809524,9,964.031561
-0.857143,7,964.463436
-0.928571,4,964.699801
-0.928571,4,964.934177
-0.880952,6,965.314132
-0.904762,5,965.716057
-0.857143,7,966.234671
-0.880952,6,966.760265
-0.857143,7,967.232003
-0.833333,8,967.777547
-0.857143,7,968.213421
-0.880952,6,968.615347
-0.880952,6,968.964444
-0.809524,9,969.46308
-0.880952,6,969.813174
-0.833333,8,970.264971
-0.928571,4,970.512273
-0.809524,9,971.012935
-0.785714,10,971.569448
-0.809524,9,972.097037
-0.809524,9,972.619359
-0.809524,9,973.122979
-0.928571,4,973.371316
-0.809524,9,973.883945
-0.928571,4,974.128293
-0.880952,6,974.46838
-0.928571,4,974.7083
-0.857143,7,975.117494
-0.809524,9,975.620116
-0.785714,10,976.183608
-0.880952,6,976.53148
-0.928571,4,976.768824
-0.785714,10,977.353283
-0.880952,6,977.71329
-0.904762,5,978.011492
-0.857143,7,978.416442
-0.809524,9,978.944998
-0.785714,10,979.507491
-0.857143,7,979.924376
-0.904762,5,980.215598
-0.928571,4,980.452963
-0.880952,6,980.824969
-0.880952,6,981.165059
-0.904762,5,981.454287
-0.880952,6,981.828302
-0.833333,8,982.313022
-0.880952,6,982.666731
-0.809524,9,983.192783
-0.928571,4,983.44109
1.166667,8,983.856007
-0.761905,11,984.514253
-0.904762,5,984.833401
-0.904762,5,985.131742
-0.833333,8,985.60249
-0.880952,6,985.9605
-0.928571,4,986.216818
-0.833333,8,986.707531
-0.928571,4,986.95886
-0.857143,7,987.393848
-0.809524,9,987.937394
-0.904762,5,988.259548
-0.880952,6,988.647527
-0.857143,7,989.06581
-0.785714,10,989.687163
-0.857143,7,990.116014
-0.880952,6,990.484002
-0.761905,11,991.129241
-0.880952,6,991.491265
-0.904762,5,991.785478
-0.928571,4,992.04279
-0.833333,8,992.491618
1.071429,4,992.700423
-0.880952,6,993.059459
-0.880952,6,993.435457
-0.761905,11,994.08469
-0.785714,10,994.655167
-0.785714,10,995.359318
-0.833333,8,995.878893
-0.904762,5,996.194052
-0.785714,10,996.827698
-0.928571,4,997.065098
-0.904762,5,997.384167
-0.785714,10,998.071342
-0.833333,8,998.539092
-0.904762,5,998.858244
-0.857143,7,999.358875
-0.904762,5,999.691982
-0.880952,6,1000.098897
-0.880952,6,1000.529775
-0.833333,8,1001.087251
-0.904762,5,1001.420361
-0.880952,6,1001.854202
-0.785714,10,1002.477534
-0.809524,9,1003.02108
-0.809524,9,1003.622504
-0.714286,13,1004.457241
-0.904762,5,1004.796333
-0.785714,10,1005.394733
-0.833333,8,1005.936285
-0.904762,5,1006.325245
-0.904762,5,1006.815933
-0.857143,7,1007.301634
-0.904762,5,1007.658679
-0.833333,8,1008.183275
-0.928571,4,1008.452559
-0.880952,6,1008.800625
-0.785714,10,1009.407003
-0.904762,5,1009.723188
-0.880952,6,1010.085226
-0.928571,4,1010.333527
-0.880952,6,1010.688578
-0.880952,6,1011.075542
-0.880952,6,1011.43659
-0.785714,10,1012.045948
1.166667,8,1012.47184
-0.904762,5,1012.774997
-0.809524,9,1013.323532
-0.904762,5,1013.63473
-0.857143,7,1014.069535
-0.880952,6,1014.434559
-0.857143,7,1014.840475
-0.880952,6,1015.197519
-0.785714,10,1015.799908
1.071429,4,1016.007355
-0.809524,9,1016.533945
-0.857143,7,1016.93587
-0.880952,6,1017.298901
-0.785714,10,1017.869374
-0.904762,5,1018.175557
-0.857143,7,1018.598424
-0.857143,7,1018.995364
-0.880952,6,1019.345428
-0.880952,6,1019.707528
-0.809524,9,1020.237105
-0.785714,10,1020.824536
-0.880952,6,1021.177626
-0.928571,4,1021.429916
-0.928571,4,1021.68224
-0.928571,4,1021.928582
-0.785714,10,1022.495068
-0.904762,5,1022.783326
-0.833333,8,1023.255635
-0.904762,5,1023.563812
-0.857143,7,1023.970725
-0.857143,7,1024.388605
-0.904762,5,1024.685811
-0.833333,8,1025.146581
1.214286,10,1025.675165
-0.857143,7,1026.082078
-0.904762,5,1026.387261
-0.880952,6,1026.738322
-0.809524,9,1027.331736
-0.880952,6,1027.679806
-0.880952,6,1028.020918
-0.880952,6,1028.354028
-0.857143,7,1028.932019
-0.785714,10,1029.584276
-0.761905,11,1030.270441
-0.880952,6,1030.621142
-0.833333,8,1031.076923
-0.809524,9,1031.619503
-0.809524,9,1032.147125
-0.904762,5,1032.438492
-0.857143,7,1032.8464
-0.880952,6,1033.203445
-0.904762,5,1033.501676
-0.904762,5,1033.82279
-0.880952,6,1034.191804
-0.904762,5,1034.503969
-0.904762,5,1034.792197
-0.928571,4,1035.039535
-0.880952,6,1035.386636
-0.785714,10,1035.96506
-0.833333,8,1036.428821
-0.880952,6,1036.766338
-0.809524,9,1037.289941
-0.857143,7,1037.712834
-0.833333,8,1038.182574
-0.857143,7,1038.601453
1.095238,5,1038.866438
-0.833333,8,1039.326208
-0.857143,7,1039.747583
-0.833333,8,1040.223319
-0.857143,7,1040.634251
-0.904762,5,1040.924474
-0.857143,7,1041.352334
-0.928571,4,1041.592691
-0.928571,4,1041.841024
-0.738095,12,1042.55315
-0.904762,5,1042.853347
1.071429,4,1043.050789
-0.904762,5,1043.360971
-0.785714,10,1043.932431
-0.880952,6,1044.291473
-0.809524,9,1044.795125
1.190476,9,1045.274841
-0.928571,4,1045.5234
-0.880952,6,1045.876426
-0.857143,7,1046.282341
-0.857143,7,1046.678591
-0.904762,5,1047.014693
-0.809524,9,1047.577188
-0.928571,4,1047.832505
-0.857143,7,1048.235459
-0.880952,6,1048.605174
-0.928571,4,1048.839583
-0.904762,5,1049.179693
1.071429,4,1049.418054
-0.904762,5,1049.73421
-0.928571,4,1049.987531
-0.880952,6,1050.358539
-0.833333,8,1050.839253
-0.857143,7,1051.242179
-0.880952,6,1051.610192
-0.857143,7,1052.042037
-0.880952,6,1052.400081
-0.880952,6,1052.739173
-0.809524,9,1053.24881
-0.809524,9,1053.78039
-0.857143,7,1054.215226
-0.857143,7,1054.618181
-0.880952,6,1054.962382
-0.928571,4,1055.221688
-0.857143,7,1055.664061
-0.880952,6,1056.024668
-0.928571,4,1056.261575
-0.904762,5,1056.55878
-0.904762,5,1056.857009
-0.761905,11,1057.491363
-0.880952,6,1057.860015
1.071429,4,1058.060502
1.190476,9,1058.566146
-0.904762,5,1058.860934
-0.904762,5,1059.180539
-0.880952,6,1059.554909
-0.928571,4,1059.828177
-0.880952,6,1060.177246
1.071429,4,1060.37622
-0.833333,8,1060.845389
-0.809524,9,1061.37893
-0.857143,7,1061.821752
-0.904762,5,1062.122991
-0.833333,8,1062.616032
-0.928571,4,1062.884314
-0.857143,7,1063.287278
-0.857143,7,1063.707163
-0.809524,9,1064.222822
-0.785714,10,1064.824215
-0.761905,11,1065.485616
-0.928571,4,1065.740959
-0.880952,6,1066.096012
-0.928571,4,1066.336343
-0.809524,9,1066.86396
-0.928571,4,1067.105931
-0.928571,4,1067.356924
-0.833333,8,1067.850229
1.214286,10,1068.382763
-0.880952,6,1068.729314
-0.761905,11,1069.337818
-0.785714,10,1069.929534
-0.880952,6,1070.29809
-0.928571,4,1070.546426
-0.857143,7,1070.953307
1.214286,10,1071.485882
-0.880952,6,1071.868858
-0.928571,4,1072.124175
-0.928571,4,1072.360543
1.214286,10,1072.88517
-0.809524,9,1073.410736
-0.880952,6,1073.762793
-0.928571,4,1074.013123
-0.880952,6,1074.380174
-0.928571,4,1074.611523
-0.880952,6,1074.975549
-0.904762,5,1075.282729
-0.857143,7,1075.710585
-0.785714,10,1076.290065
-0.809524,9,1076.804685
-0.928571,4,1077.050003
-0.857143,7,1077.464894
-0.880952,6,1077.831912
-0.833333,8,1078.310632
-0.880952,6,1078.672275
1.071429,4,1078.881679
-0.880952,6,1079.230744
-0.857143,7,1079.638682
-0.833333,8,1080.09048
1.071429,4,1080.284955
-0.880952,6,1080.629039
-0.880952,6,1080.984056
-0.880952,6,1081.327899
-0.928571,4,1081.567295
-0.857143,7,1081.994153
-0.809524,9,1082.527722
-0.904762,5,1082.809936
-0.904762,5,1083.101157
-0.928571,4,1083.339521
-0.904762,5,1083.64271
-0.928571,4,1083.886096
-0.904762,5,1084.187253
-0.880952,6,1084.556266
-0.857143,7,1084.958192
-0.880952,6,1085.322218
-0.833333,8,1085.785244
-0.761905,11,1086.416738
-0.809524,9,1086.935351
-0.857143,7,1087.358246
-0.690476,14,1088.168054
-0.904762,5,1088.47324
-0.809524,9,1088.983872
-0.880952,6,1089.348909
-0.809524,9,1089.860529
-0.928571,4,1090.100886
-0.928571,4,1090.354208
-0.809524,9,1090.891772
-0.904762,5,1091.187
-0.904762,5,1091.504164
-0.880952,6,1091.861178
-0.904762,5,1092.151402
-0.880952,6,1092.525403
-0.880952,6,1092.88145
-0.880952,6,1093.22553
-0.928571,4,1093.472869
-0.833333,8,1093.953583
-0.833333,8,1094.439284
-0.833333,8,1094.948948
-0.928571,4,1095.191274
-0.904762,5,1095.492503
-0.785714,10,1096.074913
